{"cameraMode":{"drawMode":0,"name":"Shaded","section":"Shading Mode"},"sceneLighting":false,"audioPlay":false,"sceneViewState":{"showFog":true,"showMaterialUpdate":false,"showSkybox":false,"showFlares":true,"showImageEffects":true,"showParticleSystems":true},"in2DMode":false,"pivot":{"x":-0.05504155158996582,"y":1.3392822742462159,"z":-0.061208248138427737},"rotation":{"x":0.26737865805625918,"y":-0.33093783259391787,"z":0.09835908561944962,"w":0.8996197581291199},"size":2.458164691925049,"orthographic":false}