{"cameraMode":{"drawMode":0,"name":"Shaded","section":"Shading Mode"},"sceneLighting":true,"audioPlay":false,"sceneViewState":{"showFog":true,"showMaterialUpdate":false,"showSkybox":true,"showFlares":true,"showImageEffects":true,"showParticleSystems":true},"in2DMode":false,"pivot":{"x":942.2910766601563,"y":562.7999267578125,"z":0.0},"rotation":{"x":-0.11495957523584366,"y":-0.25995612144470217,"z":0.031186969950795175,"w":-0.9582470655441284},"size":1128.1217041015625,"orthographic":false}