{"cameraMode":{"drawMode":0,"name":"Shaded","section":"Shading Mode"},"sceneLighting":false,"audioPlay":false,"sceneViewState":{"showFog":true,"showMaterialUpdate":false,"showSkybox":false,"showFlares":true,"showImageEffects":true,"showParticleSystems":true},"in2DMode":false,"pivot":{"x":-1.2709540128707886,"y":-1.33512544631958,"z":3.2257235050201418},"rotation":{"x":-0.02578364498913288,"y":0.04256930202245712,"z":-0.001096452702768147,"w":-0.9987687468528748},"size":1.4257540702819825,"orthographic":false}