{"cameraMode":{"drawMode":0,"name":"Shaded","section":"Shading Mode"},"sceneLighting":true,"audioPlay":false,"sceneViewState":{"showFog":true,"showMaterialUpdate":false,"showSkybox":true,"showFlares":true,"showImageEffects":true,"showParticleSystems":true},"in2DMode":false,"pivot":{"x":1522.4000244140625,"y":553.2000122070313,"z":0.0},"rotation":{"x":-0.15895389020442964,"y":0.05682677403092384,"z":-0.009164317511022091,"w":-0.9856082797050476},"size":580.7949829101563,"orthographic":false}