{"cameraMode":{"drawMode":0,"name":"Shaded","section":"Shading Mode"},"sceneLighting":true,"audioPlay":false,"sceneViewState":{"showFog":true,"showMaterialUpdate":false,"showSkybox":true,"showFlares":true,"showImageEffects":true,"showParticleSystems":true},"in2DMode":false,"pivot":{"x":33.20000076293945,"y":9.142316818237305,"z":56.880001068115237},"rotation":{"x":-0.11495957523584366,"y":-0.25995612144470217,"z":0.031186969950795175,"w":-0.9582470655441284},"size":1.2208818197250367,"orthographic":false}