{"cameraMode":{"drawMode":0,"name":"Shaded","section":"Shading Mode"},"sceneLighting":false,"audioPlay":false,"sceneViewState":{"showFog":true,"showMaterialUpdate":false,"showSkybox":false,"showFlares":true,"showImageEffects":true,"showParticleSystems":true},"in2DMode":false,"pivot":{"x":-0.014247536659240723,"y":1.0031976699829102,"z":0.16458658874034882},"rotation":{"x":0.26737865805625918,"y":-0.33093783259391787,"z":0.09835908561944962,"w":0.8996197581291199},"size":1.2439017295837403,"orthographic":false}