{"cameraMode":{"drawMode":0,"name":"Shaded","section":"Shading Mode"},"sceneLighting":false,"audioPlay":false,"sceneViewState":{"showFog":true,"showMaterialUpdate":false,"showSkybox":false,"showFlares":true,"showImageEffects":true,"showParticleSystems":true},"in2DMode":false,"pivot":{"x":0.7999267578125,"y":0.000091552734375,"z":0.0},"rotation":{"x":-0.11612807214260102,"y":-0.011329680681228638,"z":0.0013251655036583543,"w":-0.9931707382202148},"size":182.7720489501953,"orthographic":false}