{"cameraMode":{"drawMode":0,"name":"Shaded","section":"Shading Mode"},"sceneLighting":false,"audioPlay":false,"sceneViewState":{"showFog":true,"showMaterialUpdate":false,"showSkybox":false,"showFlares":true,"showImageEffects":true,"showParticleSystems":true},"in2DMode":false,"pivot":{"x":0.4729859232902527,"y":1.835223913192749,"z":0.006998956203460693},"rotation":{"x":0.26737865805625918,"y":-0.33093783259391787,"z":0.09835908561944962,"w":0.8996197581291199},"size":2.842477798461914,"orthographic":false}