{"cameraMode":{"drawMode":0,"name":"Shaded","section":"Shading Mode"},"sceneLighting":false,"audioPlay":false,"sceneViewState":{"showFog":true,"showMaterialUpdate":false,"showSkybox":false,"showFlares":true,"showImageEffects":true,"showParticleSystems":true},"in2DMode":false,"pivot":{"x":188.20001220703126,"y":1007.300048828125,"z":0.0},"rotation":{"x":0.14000758528709413,"y":0.10755076259374619,"z":-0.015307238325476647,"w":0.9841737151145935},"size":132.88723754882813,"orthographic":false}