{"cameraMode":{"drawMode":0,"name":"Shaded","section":"Shading Mode"},"sceneLighting":true,"audioPlay":false,"sceneViewState":{"showFog":true,"showMaterialUpdate":false,"showSkybox":true,"showFlares":true,"showImageEffects":true,"showParticleSystems":true},"in2DMode":false,"pivot":{"x":9.91479206085205,"y":9.988839149475098,"z":25.89302635192871},"rotation":{"x":-0.2558023929595947,"y":0.5999112725257874,"z":-0.21072721481323243,"w":-0.7282037138938904},"size":2.429861545562744,"orthographic":false}