{"cameraMode":{"drawMode":0,"name":"Shaded","section":"Shading Mode"},"sceneLighting":true,"audioPlay":false,"sceneViewState":{"showFog":true,"showMaterialUpdate":false,"showSkybox":true,"showFlares":true,"showImageEffects":true,"showParticleSystems":true},"in2DMode":false,"pivot":{"x":75.13328552246094,"y":6.335794925689697,"z":27.95369529724121},"rotation":{"x":-0.13652600347995759,"y":-0.63072669506073,"z":0.11399417370557785,"w":-0.7553650140762329},"size":6.197840690612793,"orthographic":false}