{"cameraMode":{"drawMode":0,"name":"Shaded","section":"Shading Mode"},"sceneLighting":false,"audioPlay":false,"sceneViewState":{"showFog":true,"showMaterialUpdate":false,"showSkybox":false,"showFlares":true,"showImageEffects":true,"showParticleSystems":true},"in2DMode":false,"pivot":{"x":0.24168412387371064,"y":1.0109273195266724,"z":-3.0258066654205324},"rotation":{"x":-0.0003880815638694912,"y":-0.9994814991950989,"z":0.02939094975590706,"w":-0.01319770235568285},"size":2.4471395015716554,"orthographic":false}