{"cameraMode":{"drawMode":0,"name":"Shaded","section":"Shading Mode"},"sceneLighting":false,"audioPlay":false,"sceneViewState":{"showFog":true,"showMaterialUpdate":false,"showSkybox":false,"showFlares":true,"showImageEffects":true,"showParticleSystems":true},"in2DMode":false,"pivot":{"x":-0.1110386848449707,"y":1.360835075378418,"z":0.13469743728637696},"rotation":{"x":0.0013314512325450779,"y":-0.9986546039581299,"z":0.03386526182293892,"w":0.03926372155547142},"size":3.2989299297332765,"orthographic":false}