{"cameraMode":{"drawMode":0,"name":"Shaded","section":"Shading Mode"},"sceneLighting":true,"audioPlay":false,"sceneViewState":{"showFog":true,"showMaterialUpdate":false,"showSkybox":true,"showFlares":true,"showImageEffects":true,"showParticleSystems":true},"in2DMode":false,"pivot":{"x":743.1348876953125,"y":512.9160766601563,"z":-37.8370361328125},"rotation":{"x":-0.03180127590894699,"y":0.014088554307818413,"z":-0.0004462442302610725,"w":-0.9994000792503357},"size":426.36285400390627,"orthographic":false}