{"cameraMode":{"drawMode":0,"name":"Shaded","section":"Shading Mode"},"sceneLighting":true,"audioPlay":false,"sceneViewState":{"showFog":true,"showMaterialUpdate":false,"showSkybox":true,"showFlares":true,"showImageEffects":true,"showParticleSystems":true},"in2DMode":false,"pivot":{"x":1564.0321044921875,"y":878.3932495117188,"z":-693.844482421875},"rotation":{"x":0.021912502124905587,"y":-0.1577058732509613,"z":-0.003492433577775955,"w":-0.9872509837150574},"size":1035.086669921875,"orthographic":false}